{
    "agent1": [
        [
            0.5827500224113464,
            17.099550247192383
        ],
        [
            1.548449993133545,
            13.769550323486328
        ],
        [
            4.645350456237793,
            10.739250183105469
        ],
        [
            8.041950225830078,
            8.441550254821777
        ],
        [
            12.837150573730469,
            9.34065055847168
        ],
        [
            14.035950660705566,
            10.639350891113281
        ],
        [
            16.46685028076172,
            11.838150978088379
        ],
        [
            20.09654998779297,
            12.337650299072266
        ],
        [
            20.196449279785156,
            14.13585090637207
        ],
        [
            22.59404945373535,
            13.503150939941406
        ],
        [
            24.225749969482422,
            11.338650703430176
        ],
        [
            25.557750701904297,
            8.175150871276855
        ],
        [
            28.121850967407227,
            8.075250625610352
        ],
        [
            30.119850158691406,
            9.207450866699219
        ],
        [
            28.98764991760254,
            10.805850982666016
        ],
        [
            31.651649475097656,
            10.672650337219238
        ],
        [
            31.651649475097656,
            16.533449172973633
        ],
        [
            31.252050399780273,
            14.468851089477539
        ],
        [
            29.287349700927734,
            13.969350814819336
        ],
        [
            27.022951126098633,
            12.304350852966309
        ],
        [
            26.590049743652344,
            14.468851089477539
        ],
        [
            28.221750259399414,
            16.766550064086914
        ],
        [
            25.757549285888672,
            16.433549880981445
        ],
        [
            21.595050811767578,
            16.167150497436523
        ],
        [
            16.233749389648438,
            15.900751113891602
        ],
        [
            14.60205078125,
            13.469850540161133
        ],
        [
            11.005650520324707,
            15.934050559997559
        ],
        [
            7.908750534057617,
            13.66965103149414
        ],
        [
            4.279050350189209,
            16.333650588989258
        ]
    ],
    "agent2": [
        [
            0.5827500224113464,
            17.099550247192383
        ],
        [
            7.908750534057617,
            13.66965103149414
        ],
        [
            9.94005012512207,
            10.772550582885742
        ],
        [
            12.237751007080078,
            7.908750534057617
        ],
        [
            15.867450714111328,
            6.876450538635254
        ],
        [
            16.400249481201172,
            5.111550331115723
        ],
        [
            19.097549438476563,
            5.877450466156006
        ],
        [
            18.864450454711914,
            8.508150100708008
        ],
        [
            20.862449645996094,
            10.239750862121582
        ],
        [
            23.85944938659668,
            9.007650375366211
        ],
        [
            25.124849319458008,
            6.277050495147705
        ],
        [
            28.954349517822266,
            5.810850620269775
        ],
        [
            31.018949508666992,
            5.577750205993652
        ],
        [
            29.753549575805664,
            3.546450138092041
        ],
        [
            29.120849609375,
            1.548449993133545
        ],
        [
            26.88974952697754,
            2.181149959564209
        ],
        [
            24.69194984436035,
            3.3799500465393066
        ],
        [
            22.56075096130371,
            4.079250335693359
        ],
        [
            20.396249771118164,
            1.3819500207901
        ],
        [
            17.19944953918457,
            2.047950029373169
        ],
        [
            15.06825065612793,
            2.1145501136779785
        ],
        [
            14.568750381469727,
            4.911750316619873
        ],
        [
            12.504150390625,
            4.512150287628174
        ],
        [
            10.839150428771973,
            2.081249952316284
        ],
        [
            8.34165096282959,
            4.3456501960754395
        ],
        [
            5.577750205993652,
            4.945050239562988
        ],
        [
            4.878450393676758,
            2.414250135421753
        ],
        [
            2.281049966812134,
            4.778550148010254
        ],
        [
            1.4152500629425049,
            7.2094502449035645
        ],
        [
            3.0802500247955322,
            8.674650192260742
        ],
        [
            3.0802500247955322,
            12.237751007080078
        ]
    ],
    "num_vehicles": 2
}
