{
    "agent1": [
        [
            20.012500762939453,
            12.837499618530273
        ],
        [
            21.037500381469727,
            11.987500190734863
        ],
        [
            22.062501907348633,
            10.162500381469727
        ],
        [
            23.812501907348633,
            10.787500381469727
        ],
        [
            20.562501907348633,
            9.387499809265137
        ],
        [
            20.587501525878906,
            7.787499904632568
        ],
        [
            19.462501525878906,
            7.037499904632568
        ],
        [
            21.287500381469727,
            6.837500095367432
        ],
        [
            23.11250114440918,
            7.0625
        ],
        [
            23.137500762939453,
            5.087500095367432
        ],
        [
            21.512500762939453,
            4.912499904632568
        ],
        [
            19.787500381469727,
            4.712500095367432
        ],
        [
            22.11250114440918,
            1.662500023841858
        ],
        [
            20.662500381469727,
            2.6625001430511475
        ],
        [
            18.837501525878906,
            1.9375001192092896
        ],
        [
            16.787500381469727,
            1.8875000476837158
        ],
        [
            17.412500381469727,
            3.4625000953674316
        ],
        [
            17.912500381469727,
            4.487499713897705
        ],
        [
            16.137500762939453,
            4.487499713897705
        ],
        [
            15.537500381469727,
            5.8125
        ],
        [
            14.612500190734863,
            7.162499904632568
        ],
        [
            12.962499618530273,
            9.3125
        ],
        [
            11.537500381469727,
            11.137499809265137
        ],
        [
            10.912500381469727,
            9.087499618530273
        ],
        [
            12.412500381469727,
            10.237500190734863
        ],
        [
            13.6875,
            10.712499618530273
        ],
        [
            14.462499618530273,
            11.587499618530273
        ],
        [
            15.212499618530273,
            12.787500381469727
        ],
        [
            17.712501525878906,
            12.8125
        ]
    ],
    "agent2": [
        [
            20.012500762939453,
            12.837499618530273
        ],
        [
            22.012500762939453,
            12.762499809265137
        ],
        [
            20.762500762939453,
            10.712499618530273
        ],
        [
            19.037500381469727,
            10.4375
        ],
        [
            17.262500762939453,
            9.0625
        ],
        [
            17.86250114440918,
            7.262499809265137
        ],
        [
            16.287500381469727,
            7.162499904632568
        ],
        [
            13.4375,
            4.462500095367432
        ],
        [
            13.837499618530273,
            1.8875000476837158
        ],
        [
            11.012499809265137,
            2.1875
        ],
        [
            8.3125,
            1.5125000476837158
        ],
        [
            6.1875,
            1.1125000715255737
        ],
        [
            3.9125001430511475,
            1.0125000476837158
        ],
        [
            3.9625000953674316,
            3.5375001430511475
        ],
        [
            4.287499904632568,
            5.1875
        ],
        [
            2.7875001430511475,
            5.037499904632568
        ],
        [
            3.137500047683716,
            6.337500095367432
        ],
        [
            3.9375,
            7.362499713897705
        ],
        [
            4.837500095367432,
            6.662499904632568
        ],
        [
            6.4375,
            6.762499809265137
        ],
        [
            7.8125,
            6.787499904632568
        ],
        [
            9.112500190734863,
            6.5625
        ],
        [
            10.512499809265137,
            6.5625
        ],
        [
            12.0625,
            6.662499904632568
        ],
        [
            13.6875,
            8.1875
        ],
        [
            14.537500381469727,
            9.612500190734863
        ],
        [
            15.1875,
            10.662500381469727
        ],
        [
            16.937501907348633,
            10.487500190734863
        ],
        [
            17.887500762939453,
            11.462499618530273
        ]
    ],
    "agent3": [
        [
            20.012500762939453,
            12.837499618530273
        ],
        [
            20.762500762939453,
            10.712499618530273
        ],
        [
            20.587501525878906,
            7.787499904632568
        ],
        [
            19.262500762939453,
            5.837500095367432
        ],
        [
            17.062501907348633,
            5.837500095367432
        ],
        [
            13.412500381469727,
            6.8125
        ],
        [
            13.287500381469727,
            5.787499904632568
        ],
        [
            11.137499809265137,
            5.212500095367432
        ],
        [
            10.787500381469727,
            3.5375001430511475
        ],
        [
            9.362500190734863,
            4.987499713897705
        ],
        [
            7.362499713897705,
            4.787499904632568
        ],
        [
            5.962500095367432,
            5.512499809265137
        ],
        [
            7.037499904632568,
            7.737499713897705
        ],
        [
            6.612499713897705,
            9.037500381469727
        ],
        [
            5.4375,
            9.337499618530273
        ],
        [
            4.112499713897705,
            9.462499618530273
        ],
        [
            4.212500095367432,
            8.5625
        ],
        [
            3.387500047683716,
            8.362500190734863
        ],
        [
            1.8875000476837158,
            8.762499809265137
        ],
        [
            2.887500047683716,
            9.887499809265137
        ],
        [
            4.087500095367432,
            10.587499618530273
        ],
        [
            5.337500095367432,
            10.4375
        ],
        [
            6.887499809265137,
            9.987500190734863
        ],
        [
            6.5625,
            10.837499618530273
        ],
        [
            6.962500095367432,
            11.587499618530273
        ],
        [
            8.012499809265137,
            11.662500381469727
        ],
        [
            8.537500381469727,
            10.8125
        ],
        [
            7.912499904632568,
            10.087499618530273
        ],
        [
            9.162500381469727,
            9.787500381469727
        ],
        [
            9.987500190734863,
            10.837499618530273
        ],
        [
            10.6875,
            11.762499809265137
        ]
    ],